id,username,fullname,email,gender
1,ldyche0,Lars Dyche,ldyche0@pinterest.com,Male
2,klarrington1,Karyl Larrington,klarrington1@last.fm,Female
3,bfeldon2,Beatrisa Feldon,bfeldon2@wix.com,Female
4,htickle3,Hertha Tickle,htickle3@free.fr,Genderfluid
5,mchristol4,Mufinella Christol,mchristol4@mapquest.com,Female
6,svogelein5,Stefan Vogelein,svogelein5@booking.com,Male
7,kclackson6,Karly Clackson,kclackson6@blogspot.com,Female
8,cbisacre7,Chandler Bisacre,cbisacre7@bloomberg.com,Genderfluid
9,jhatherleigh8,Jorry Hatherleigh,jhatherleigh8@google.cn,Female
10,fbannister9,Fifine Bannister,fbannister9@patch.com,Female
